 ,,,,,,,,,,,,,,,,,,,,,,,,,,,,,,,,,,,,,,,,,,,,,,,,,,,,,,,,,,,
,,,,,,,,,,『드럼 타워』,,,,,,,,"● 해당 층에서 3/4 이상(6곡)이 S랭크 이상일시 클리어
● 현재 해금할 수 없는 해금곡(DX 해금곡 제외)은 클리어 취급하고 스킵 가능
● 검정색으로 칠한 층은 클리어시 이전 층수를 모두 스킵하고 통과
● 보스곡으로 표시된 악곡은 반드시 S랭크 이상 클리어할 것
(ex. 동칠 타워를 하고 싶으면 20층부터 시작
39층을 하고싶으면 35층부터 시작)

뉴비는 ""★필독/뉴비 팁★"" 시트도 꼭 확인!!!
※ 레벨을 누르면 해당 채보 영상이 뜹니다!",,,,,,,,,,,"패턴
설명",," ① 처리력 : 탐돌리기, 빠른 손속, 헷갈리는 박자, 난해한 노트 구성 등이 난이도의 원인이 되는 악곡입니다.
 ② 왼발곡 : 왼발이 많이 나오거나, 엇박으로 나와서 콤보가 끊어지는게 난이도의 원인이 되는 악곡입니다.
 ③ DK : 노트의 1/3 이상이 투베이스로 나오는 악곡입니다.
 ④ 뚜벅이 : ""처리력"" 악곡 중 번갈아 양발을 밟는 패턴이 빈번하게 나오는 악곡입니다.
 ⑤ 기본기 : 비교적 정직한 패턴이거나, 하이햇or라이드+스네어+킥 위주로만 되어있는 악곡입니다.
 ⑥ 고BPM : BPM이 높으면서 체력적으로 힘든 스트로크를 요구하는 악곡입니다.
 ⑦ 복합 : 위의 항목들을 중복으로 해당한 악곡이며, 어느 항목이라도 실력이 부족하면 S랭크로 클리어하지 못할 수도 있습니다.
 ⑧ 그 외의 항목 : 위의 항목들로는 설명이 안되는 난해한 악곡입니다. (ex. 오른발, 엇박, 체력곡)",,,,,,,,,,,,,,,,,,,,,,,,,,,,
,,,,,,,,,,"마지막 업데이트
2025-04-14 ver 1.10",,,,,설명 필독! ▶,,,,,,,,,,,,,,,,,,,,,,,,,,,,,,,,,,,,,,,,,,,,
,초보 타워,,★ DX 해금하는법 : 필독/뉴비팁 참고,,,,,,,,색깔 타워,,,,,,,,,,동색 타워,,,,,,,,,,은색 타워,,,,,,,,,,금색 타워,,,,,,,,,,무지개 타워,,,,,,,,
,,,패턴,자켓,이름,버전,난이도,레벨,DX 해금곡,,,,패턴,자켓,이름,버전,난이도,레벨,DX 해금곡,,,,패턴,자켓,이름,버전,난이도,레벨,DX 해금곡,,,,패턴,자켓,이름,버전,난이도,레벨,DX 해금곡,,,,,자켓,이름,버전,난이도,레벨,DX 해금곡,,,,,자켓,이름,버전,난이도,레벨,DX 해금곡
,3000 ~ 4999 초보자,1F,※ 곡 7개 중 보스곡 포함 5개 S 클리어,,,,,,,,6000 ~ 6499 빨강,16F,처리력,,3 A.M. ディテクティブ・ゲーム,Tri-Boost,MAS,6.95,,,7000 ~ 7399 동칠 초반,31F,처리력,,たたえよ！絶対覇権アリーシャ帝国,EXCHAIN,MAS,8.05,,,7500 ~ 8000 은칠,51F,처리력,,MODEL DD2,6thMIX,ADV,8.20,,,8000 금칠,71F,처리력,,Catch Our Fire!,EXCHAIN,MAS,9.00,,,9000 무지개,91F,처리력,,Terra Car,Tri-Boost,MAS,9.75,
,,,,,テレキャスタービーボーイ,FUZZ-UP,ADV,4.30,,,,,처리력,,Black horizon,8thMIX,ADV,6.80,,,,,처리력,,ゴーイング　マイ　ウェイ！,V5,MAS,7.90,,,,,처리력,,戦場のタクトシュトック,GITADORA,EXT,8.30,,,,,처리력,,虹色の花,GITADORA,EXT,8.75,,,,,처리력,,DESPERATE ERROR,GALAXY WAVE,MAS,9.85,"해금곡
(현재
앙코르)"
,,,,,御伽噺に幕切れを,NEX+AGE,ADV,4.25,,,,,처리력,,一網打尽,V4,ADV,6.80,,,,,왼발곡,,Cherry,OverDrive,EXT,8.00,,,,,처리력,,CYCLONICxSTORM,NEX+AGE,EXT,8.25,DX 해금곡,,,,체력곡,,天庭 おとこのこ編,XG,MAS,8.65,,,,,왼발곡,,Physical Decay,Matixx,MAS,9.50,"DX
해금곡"
,,,,,Hunter～どうしても欲しいもの～,XG,ADV,4.40,,,,,처리력,,"Alternative Tactics, Second Urgent Issue",Tri-Boost,EXT,6.95,,,,,오른발,,うっせぇわ,HIGH-VOLTAGE,MAS,7.70,,,,,"왼발곡
+
DK",,Adverse Criticism,XG2,EXT,8.40,,,,,체력곡,,ソリッド,NEX+GE,MAS,8.60,,,,,왼발곡,,煉獄事変,Matixx,MAS,9.65,"DX
해금곡"
,,,,,ノンフィクションワールド,GITADORA,ADV,4.25,,,,,왼발곡,,君と同じ季節の下,GITADORA,EXT,6.90,,,,,DK,,Predator's Crypto Pt.1,XG3,EXT,7.95,,,,,왼발곡,,モラトリアム,V2,EXT,8.45,,,,,DK,,Arena Deiporta,HIGH-VOLTAGE,MAS,8.80,DX 해금곡,,,,쌈바킥,,猫侍の逆襲,GITADORA,EXT,9.75,
,,,,,Victory!,XG2,ADV,4.55,,,,,셔플,,BLAZE∞BREEZE - WHITE LIE Version -,HIGH-VOLTAGE,MAS,7.00,DX 해금곡,,,,복합,,heliodor,OverDrive,EXT,7.90,,,,,DK,,愛と勇気の三度笠ポン太,GITADORA,EXT,8.45,,,,,처리력,,あたしを○○してください,Tri-Boost,MAS,9.00,,,,,DK,,Obsidian,GITADORA,MAS,9.80,
,,,,,エゴロック,GALAXY WAVE,ADV,4.70,,,,,복합,,御伽噺に幕切れを,NEX+AGE,MAS,7.05,,,,,복합,,航海 ～ Seven Colors ～ ,Tri-Boost Re:EVOLVE,MAS,7.60,,,,,복합,,Insania,OverDrive,EXT,8.30,,,,,복합,,ギタドラシカ,"Tri-Boost
Re:EVOLVE",MAS,9.00,DX 해금곡,,,,체력곡,,Funky sonic World,9thMIX,MAS,9.60,
,,,보스곡,,toy boxer (GITADORA Style),EXCHAIN,ADV,4.65,,,,,보스곡,,Parallax,HIGH-VOLTAGE,EXT,7.10,DX 해금곡,,,,보스곡,,悪魔のハニープリン,EXCHAIN,EXT,8.00,DX 해금곡,,,,보스곡,,Clove,HIGH-VOLTAGE,EXT,8.15,DX 해금곡,,,,보스곡,,under control,6thMIX,MAS,9.30,,,,,보스곡,,Timepiece phase II,9thMIX,MAS,9.45,
,,2F,※ 곡 7개 중 보스곡 포함 5개 S 클리어,,,,,,,,,17F,처리력,,UNLIMITED FIRE,OverDrive,EXT,6.95,,,,32F,처리력,,FIFTH GIG,XG2,ADV,8.05,,,,52F,처리력,,Blaze,Tri-Boost,MAS,8.50,,,,72F,처리력,,晴天Bon Voyage,GITADORA,EXT,8.95,,,,92F,처리력,,Herring roe,5thMIX,MAS,9.86,
,,,,,KING,GALAXY WAVE,EXT,5.30,,,,,처리력,,キリステゴメン,Matixx,EXT,7.00,,,,,처리력,,ジュピターガンズノベル,OverDrive,EXT,8.10,DX 해금곡,,,,처리력,,ブラックホール,Tri-Boost,MAS,8.45,,,,,"왼발곡
+
처리력",,硝子玉のゆくえ,HIGH-VOLTAGE,MAS,9.05,DX 해금곡,,,,처리력,,Q転直下,FUZZ-UP,MAS,9.70,"해금곡
(현재
앙코르)"
,,,,,マネマネサイコトロピック,GITADORA,ADV,5.40,,,,,처리력,,ひと夏の戯れYeah!!Samba,EXCHAIN,EXT,7.35,DX 해금곡,,,,왼발곡,,クリーンクリーン,XG,EXT,7.55,,,,,왼발곡,,一粒のナミダ,OverDrive,EXT,8.30,,,,,왼발곡,,blue moon,XG2,MAS,9.30,,,,,DK,,ECLIPSE 2,NEX+GE,MAS,9.60,DX 해금곡
,,,,,Afterimage d'automne,EXCHAIN,ADV,5.30,,,,,처리력,,White Stream,HIGH-VOLTAGE,EXT,7.20,DX 해금곡,,,,뚜벅이,,デッドボヲルdeホームラン,GITADORA,EXT,7.90,,,,,"왼발곡
+
DK",,Adverse Criticism,XG2,EXT,8.40,,,,,왼발곡,,Fat snail,GITADORA,EXT,8.85,,,,,복합,,Aion,Matixx,MAS,9.70,DX 해금곡
,,,,,RISE UP,HIGH-VOLTAGE,ADV,5.30,,,,,처리력,,おーまい！らぶりー！すうぃーてぃ！だーりん！,EXCHAIN,EXT,6.80,,,,,오른발,,Cajuput,HIGH-VOLTAGE,MAS,8.20,,,,,DK,,Aion,Matixx,EXT,8.30,DX 해금곡,,,,복합,,Danse Macabre,HIGH-VOLTAGE,MAS,9.50,DX 해금곡,,,,왼발곡,,垓,Tri-Boost,MAS,9.86,
,,,,,千本桜,EXCHAIN,EXT,5.55,,,,,엇박,,ウソツキ横丁は雨模様,NEX+AGE,EXT,6.80,,,,,DK,,S. LAUNCHER,GITADORA,EXT,8.10,,,,,복합,,POLAR NIGHT,EXCHAIN,EXT,8.50,DX 해금곡,,,,DK,,TRIPLE ORBIT,Matixx,MAS,9.00,DX 해금곡,,,,왼발곡,,MIND ERUPTION,Tri-Boost,MAS,9.80,
,,,,,グッバイ宣言,FUZZ-UP,EXT,5.50,,,,,체력곡,,KAISER PHOENIX,XG,ADV,6.80,,,,,복합,,Xenocross,HIGH-VOLTAGE,EXT,7.80,DX 해금곡,,,,"복합
+
체력곡",,Last Goodbye / これでホントにサヨナラ,HIGH-VOLTAGE,MAS,8.40,,,,,DK,,heliodor,OverDrive,EXT,9.10,,,,,"고속
DK",,Stay By My Side,GALAXY WAVE,MAS,9.75,"해금곡
(현재
앙코르)"
,,,보스곡,,シャルル,Matixx,EXT,5.85,,,,,보스곡,,ミカヅキ:コネクト,Tri-Boost,EXT,7.15,,,,,보스곡,,Exclamation,"Tri-Boost
Re:EVOLVE",EXT,7.80,DX 해금곡,,,,보스곡,,No Reason of Fear,Tri-Boost,MAS,8.45,DX 해금곡,,,,보스곡,,memento mori -intro-,GITADORA,EXT,8.85,,,,,보스곡,,天泣,NEX+AGE,MAS,9.75,DX 해금곡
,,3F,※ 곡 7개 중 보스곡 포함 5개 S 클리어,,,,,,,,,18F,처리력,,Deep Deep Inside,Tri-Boost,EXT,7.00,,,,33F,"처리력
(크로스
불가)",,Sakura Sunrise (GITADORA ver.),GITADORA,EXT,8.20,,,,53F,처리력,,つぼみ,XG3,EXT,8.45,,,,73F,복합,,ENCORE CONQUEST,XG,ADV,8.95,,,,93F,처리력,,The ULTIMATES -Darkness-,OverDrive,MAS,9.55,DX 해금곡
,,,,,言って。,EXCHAIN,MAS,5.95,,,,,처리력,,Stellar Notes,Tri-Boost,EXT,7.15,,,,,처리력,,Eisenplatte,Tri-Boost,EXT,7.75,,,,,처리력,,cockpit,9thMIX,EXT,8.70,,,,,처리력,,VANESSA -転生編-,V5,MAS,9.35,,,,,왼발곡,,REFLEXES MANIPULATION,"Tri-Boost
Re:EVOLVE",MAS,9.86,
,,,,,うっせぇわ,HIGH-VOLTAGE,EXT,6.10,,,,,처리력,,Escape Velocity,HIGH-VOLTAGE,EXT,7.45,"DX
해금곡",,,,체력곡,,Idola,OverDrive,EXT,7.70,,,,,처리력,,CAPTURING XANADU,Matixx,EXT,8.55,DX 해금곡,,,,처리력,,タンポポ,Tri-Boost Re:EVOLVE,MAS,9.05,,,,,체력곡,,夢色☆スパイラル!!!!!,Matixx,MAS,9.50,DX 해금곡
,,,,,天ノ弱,GITADORA,EXT,5.80,,,,,처리력,,Violet Milky Way,HIGH-VOLTAGE,EXT,7.00,"DX
해금곡",,,,DK,,Riot of Color,XG3,EXT,7.75,,,,,"복합
(크로스
패턴)",,Devil Fish Dumpling,XG3,MAS,8.85,,,,,"처리력
+
왼발곡",,京,Tri-Boost,MAS,9.40,,,,,"DK
(셔터쾅
주의!)",,Bereavement ,HIGH-VOLTAGE,MAS,9.55,
,,,,,箱庭の世界,Tri-Boost,MAS,5.95,,,,,처리력,,ノクチルカ,GALAXY WAVE,EXT,7.20,,,,,왼발곡,,大好きなぬいぐるみ,Matixx,MAS,7.60,DX 해금곡,,,,셔플,,wound,Tri-Boost,MAS,8.45,,,,,"처리력
+
왼발곡",,Hopeful Daybreak!!!,GALAXY WAVE,MAS,9.40,"해금곡
(현재
앙코르)",,,,"DK
+
체력곡",,Saiph,HIGH-VOLTAGE,MAS,9.80,DX 해금곡
,,,,,星座が恋した瞬間を。,Matixx,ADV,5.80,,,,,처리력,,Awakening Wings,FUZZ-UP,EXT,6.40,,,,,오른발,,Break Of Day,FUZZ-UP,MAS,8.00,,,,,복합,,NEX＋AGE,NEX＋AGE,MAS,8.60,,,,,DK,,輝石のDESTINATION feat. 花たん,GALAXY WAVE,MAS,8.80,,,,,"DK
+
체력곡",,voltississimo (GITADORA STYLE),EXCHAIN,MAS,9.50,
,,,,,キケンな果実,GITADORA,ADV,5.95,,,,,복합,,色ハニホヘト散リヌルヲ,Tri-Boost Re:EVOLVE,MAS,6.90,,,,,복합,,Awaken Ver.G,GITADORA,EXT,7.85,,,,,복합,,Parallax,HIGH-VOLTAGE,MAS,9.10,DX 해금곡,,,,복합,,FORCE Interval Build,NEX+AGE,MAS,9.30,,,,,복합,,ENCORE CONQUEST,XG,MAS,9.75,
,,,보스곡,,EMPIRE OF FLAME,NEX+AGE,ADV,5.75,DX 해금곡,,,,보스곡,,Raspberry,"Tri-Boost
Re:EVOLVE",EXT,7.20,,,,,보스곡,,Bonetrousle,HIGH-VOLTAGE,MAS,7.90,,,,,보스곡,,Rejoin,Matixx,MAS,8.45,,,,,보스곡,,A.DOGMA,V5,ADV,9.25,,,,,보스곡,,Let's Dance,EXCHAIN,MAS,9.55,"DX
해금곡"
,5000 ~ 5499 보라,4F,처리력,,Beautiful Dream,GITADORA,EXT,6.00,,,,19F,처리력,,イブの時代っ！,OverDrive,EXT,7.40,,,,34F,처리력,,Sugar Holic Candy Magic,FUZZ-UP,MAS,8.30,,,,54F,처리력,,滅亡天使 † にこきゅっぴん,OverDrive,EXT,8.60,,,,74F,처리력,,clear:wings,NEX+AGE,MAS,9.30,DX 해금곡,,,94F,"처리력
+
DK",,Stargazer,NEX+AGE,MAS,9.70,DX 해금곡
,,,처리력,,Never Ever End,HIGH-VOLTAGE,EXT,6.40,,,,,처리력,,シャルル,Matixx,MAS,7.35,,,,,처리력,,地方創生☆チクワクティクス,Tri-Boost,MAS,7.85,,,,,처리력,,MODEL DD7,V2,EXT,8.60,,,,,처리력,,ENCOUNT,FUZZ-UP,MAS,9.30,"해금곡
(현재
해금이벤트)",,,,왼발곡,,EMPYREAL CATASTROPHE,Tri-Boost,MAS,9.70,
,,,처리력,,VANESSA -転生編-,V5,ADV,6.20,,,,,처리력,,RePrise,XG3,EXT,7.00,,,,,처리력,,Cosmic Hurricane (GFDM ver.),XG3,EXT,8.25,,,,,쌈바킥,,pain,EXCHAIN,MAS,8.45,DX 해금곡,,,,처리력,,さんぼんがわ,EXCHAIN,MAS,9.30,,,,,체력곡,,Crescent:Letter,FUZZ-UP,MAS,9.85,"해금곡
(현재
해금이벤트)"
,,,처리력,,WONDER,FUZZ-UP,EXT,6.10,,,,,기본기,,Destiny Wings,Tri-Boost,EXT,7.35,,,,,하이햇,,ETERNAL BLAZE,XG3,EXT,7.80,,,,,"처리력
+
왼발곡",,ミラクル・スイート・スイーツ・マジック！！,Matixx,MAS,8.55,,,,,처리력,,overviews,XG3,EXT,9.10,,,,,체력곡,,Anathema,Tri-Boost,MAS,9.86,DX 해금곡
,,,고BPM,,バンブーソード・ガール,OverDrive,ADV,6.20,,,,,"라이드
+
오른발",,Fly far bounce,"Tri-Boost
Re:EVOLVE",EXT,7.35,,,,,처리력,,Last Concerto,NEX+AGE,EXT,8.10,DX 해금곡,,,,"뚜벅이
같은
DK",,Cinnamon,Matixx,EXT,8.75,DX 해금곡,,,,"왼발곡
(복합)",,Rosetta Stone,GITADORA,MAS,9.15,,,,,복합,,Noli Me Tangere,OverDrive,MAS,9.65,
,,,고BPM,,Bereavement ,HIGH-VOLTAGE,ADV,5.90,,,,,복합,,Jasper,GITADORA,ADV,7.20,,,,,DK,,FORCE Interval Build,NEX+AGE,EXT,8.00,,,,,DK,,Far East Nightbird (GITADORA Remix),GALAXY WAVE,MAS,8.70,"해금곡
(스킬
10곡)",,,,복합,,夢について TYPE C,XG2,MAS,9.30,,,,,복합,,かつて描いた夢は、今も色褪せぬまま。,EXCHAIN,MAS,9.60,DX 해금곡
,,,DK,,triangulum,Matixx,ADV,5.95,DX 해금곡,,,,고BPM,,ヘンテコ,NEX+AGE,EXT,7.30,DX 해금곡,,,,DK,,EVIL OGRE,Tri-Boost,EXT,7.80,,,,,복합,,百鬼夜行,XG2,EXT,8.75,,,,,DK,,プログレなぞなぞクイズのテーマ,NEX+AGE,MAS,9.25,,,,,"DK
(셔터쾅
주의!)",,Bereavement ,HIGH-VOLTAGE,MAS,9.55,
,,,보스곡,,Cinnamon,Matixx,ADV,6.45,DX 해금곡,,,,보스곡,,イジワルなあなた,XG,EXT,7.10,,,,,보스곡,,雷鳴,NEX+AGE,MAS,7.75,,,,,보스곡,,CALAMITY PHOENIX,XG,EXT,8.45,,,,,보스곡,,元禄花吹雪,GITADORA,MAS,9.15,,,,,보스곡,,MODEL DD4,8thMIX,MAS,9.84,
,,5F,처리력,,DUAL STRIKER,HIGH-VOLTAGE,EXT,6.50,DX 해금곡,,,20F,처리력,,Life is beautiful,Matixx,EXT,7.30,DX 해금곡,,,35F,처리력,,Artisan,HIGH-VOLTAGE,MAS,8.30,DX 해금곡,,,55F,처리력,,キリステゴメン,Matixx,MAS,8.90,,,,75F,처리력,,Stellar Notes,Tri-Boost,MAS,9.20,,,,95F,처리력,,CYCLONICxSTORM,NEX+AGE,MAS,9.92,DX 해금곡
,,,처리력,,朧,"Tri-Boost
Re:EVOLVE",EXT,6.35,,,,,처리력,,あなたしかいないから,GALAXY WAVE,MAS,7.60,,,,,처리력,,星座が恋した瞬間を。,Matixx,MAS,8.35,,,,,처리력,,Ater Regis -Alius-,Tri-Boost Re:EVOLVE,MAS,8.60,,,,,처리력,,Hidden Emotions,EXCHAIN,MAS,9.30,DX 해금곡,,,,처리력,,HYENA (Live Edit feat. 96),GITADORA,MAS,9.86,
,,,처리력,,童話回廊,Tri-Boost,ADV,5.95,,,,,기본기,,RIGHT ON TIME,3rdMIX,EXT,6.70,,,,,DK,,X-Plan,XG2,EXT,8.05,,,,,재ㅡ즈,,Brazilian Anthem,5thMIX,EXT,8.40,,,,,복합,,キヤロラ衛星の軌跡,OverDrive,MAS,9.35,DX 해금곡,,,,왼발곡,,Afterimage d'automne,EXCHAIN,MAS,9.80,
,,,처리력,,memento mori -intro-,GITADORA,ADV,5.95,,,,,처리력,,京,Tri-Boost,EXT,7.15,,,,,체력곡,,EMPIRE OF FLAME,NEX+AGE,EXT,7.95,DX 해금곡,,,,왼발곡,,joker,9thMIX,EXT,8.90,,,,,"복합
(7/8박)",,Heptagram,HIGH-VOLTAGE,EXT,9.50,DX 해금곡,,,,왼발곡,,PIRATES BANQUET,PIRATES BANQUET,MAS,9.90,DX 해금곡
,,,처리력,,遊戯大熊猫,Tri-Boost,ADV,6.30,,,,,"왼발곡
+
처리력",,Russian Caravan Rhapsody,Tri-Boost,EXT,7.55,,,,,"처리력
+
왼발곡",,In The Breeze,Tri-Boost,MAS,8.20,,,,,DK,,超獣戯画,Tri-Boost,MAS,8.05,,,,,DK,,Skyphobia,Tri-Boost,MAS,9.30,,,,,체력곡,,VOLAQUAS -GITADO ROCK ver.-,HIGH-VOLTAGE,MAS,9.80,DX 해금곡
,,,기본기,,スカイダイバー,Tri-Boost,EXT,6.25,,,,,고BPM,,天ノ弱,GITADORA,MAS,6.95,,,,,왼발곡,,群青と流星,XG3,EXT,8.05,,,,,복합,,運命,NEX+AGE,MAS,8.60,,,,,DK,,LIPS NOISE HUNTER,Matixx,MAS,9.25,,,,,"DK
(셔터쾅
주의!)",,REALIZE,XG2,EXT,9.92,
,,,"동시
밟기",,Let's Dance,EXCHAIN,ADV,5.95,"DX
해금곡",,,,체력곡,,Dust In The World,HIGH-VOLTAGE,MAS,7.50,DX 해금곡,,,,"동시
밟기",,水鏡,GITADORA,EXT,8.40,,,,,복합,,刹那,Tri-Boost Re:EVOLVE,MAS,8.45,DX 해금곡,,,,복합,,ノクチルカ,GALAXY WAVE,MAS,9.50,,,,,복합,,MODEL DD9,XG,MAS,9.80,
,,,보스곡,,Cleopatrysm,OverDrive,ADV,5.95,,,,,보스곡,,極普通,HIGH-VOLTAGE,MAS,7.25,,,,,보스곡,,VOLAQUAS -GITADO ROCK ver.-,HIGH-VOLTAGE,EXT,7.90,DX 해금곡,,,,보스곡,,ミッドナイト☆WAR,EXCHAIN,MAS,8.70,,,,,보스곡,,MODEL FT3,GITADORA,MAS,9.30,,,,,보스곡,,Xenocross,HIGH-VOLTAGE,MAS,9.70,DX 해금곡
,,6F,처리력,,Joyeuse,GITADORA,ADV,6.30,,,6500 ~ 6999 빨그라,21F,처리력,,quaver♪ ギタドラ ver.,GITADORA,EXT,7.50,,,,36F,처리력,,nightbird lost wing (GITADORA ver.),GITADORA,EXT,7.95,,,,56F,처리력,,αρχη,V3,EXT,9.00,,,,76F,처리력,,嘘 feat.ピコ,HIGH-VOLTAGE,MAS,9.40,DX 해금곡,,,96F,처리력,,Last Song,GITADORA,MAS,9.90,
,,,처리력,,neu,EXCHAIN,ADV,6.10,,,,,처리력,,エキサイティング！！も・ちゃ・ちゃ☆,GITADORA,EXT,7.70,,,,,처리력,,Purple storm,V3,EXT,8.40,,,,,처리력,,Victory!,XG2,EXT,8.55,,,,,처리력,,PIRATES BANQUET,PIRATES BANQUET,EXT,9.40,DX 해금곡,,,,처리력,,Prog for your Soul,GALAXY WAVE,MAS,9.89,"해금곡
(현재
앙코르)"
,,,처리력,,Herring roe,5thMIX,ADV,6.30,,,,,처리력,,obsession,NEX+AGE,EXT,7.20,DX 해금곡,,,,처리력,,Sonne,V6,ADV,8.20,,,,,처리력,,最小三倍完全数 (GITADORA Style),EXCHAIN,EXT,8.75,,,,,처리력,,Shuffle cats,NEX+AGE,MAS,9.40,DX 해금곡,,,,처리력,,AVEL,FUZZ-UP,MAS,9.80,"해금곡
(현재
해금이벤트)"
,,,처리력,,RELAY,GALAXY WAVE,EXT,6.30,,,,,처리력,,Cajuput,HIGH-VOLTAGE,EXT,6.90,,,,,뚜벅이,,三毛猫ロックンロール,GITADORA,EXT,8.40,,,,,셔플,,Jailbreak,XG2,MAS,8.65,,,,,왼발곡,,Pray to the Earth,OverDrive,MAS,9.20,,,,,DK,,The Metal Warrior,EXCHAIN,MAS,9.75,DX 해금곡
,,,기본기,,BlackCult,FUZZ-UP,EXT,6.50,,,,,처리력,,ハラショー！おにぎりサーカス団☆,NEX+GE,EXT,7.10,,,,,왼발곡,,NO MORE SORROW,"Tri-Boost
Re:EVOLVE",MAS,8.30,,,,,복합,,Drizzly Venom,Matixx,MAS,8.45,,,,,DK,,Hexer,FUZZ-UP,MAS,9.40,"해금곡
(현재
해금이벤트)",,,,체력곡,,鬼姫,10thMIX,MAS,9.75,
,,,왼발,,晴る,"GALAXY WAVE
& DELTA",MAS,6.10,,,,,처리력,,Heptagram,HIGH-VOLTAGE,EXT,7.60,DX 해금곡,,,,DK,,Skyphobia,Tri-Boost,EXT,8.10,,,,,복합,,Beep Beep Inside,FUZZ-UP,MAS,8.50,,,,,복합,,MODEL DD ULTIMATES,OverDrive,EXT,9.50,,,,,DK,,LAS-BOS,EXCHAIN,EXT,9.80,
,,,왼발,,ただ君に晴れ,NEX+AGE,MAS,6.35,,,,,오른발,,MONSTER TREE,10thMIX,EXT,6.30,,,,,복합,,Ruins,Tri-Boost,EXT,8.00,,,,,복합,,OVERHEAT -Type GD-,GITADORA,MAS,8.45,,,,,복합,,The ULTIMATES -reminiscence-,NEX+AGE,MAS,9.35,DX 해금곡,,,,복합,,memento mori -intro-,GITADORA,MAS,9.92,
,,,보스곡,,Pursuer,HIGH-VOLTAGE,EXT,5.90,,,,,보스곡,,REALIZE,XG2,ADV,7.80,,,,,보스곡,,ノンフィクションワールド,GITADORA,EXT,7.80,,,,,보스곡,,Under The Shades Of The Divine Ray,HIGH-VOLTAGE,EXT,8.70,DX 해금곡,,,,보스곡,,The Metal Warrior,EXCHAIN,EXT,8.95,DX 해금곡,,,,보스곡,,MODEL FT4,Matixx,MAS,9.80,DX 해금곡
,,7F,처리력,,虚空と光明のディスクール,OverDrive,EXT,6.35,,,,22F,처리력,,空に触れる,FUZZ-UP,EXT,7.40,,,,37F,처리력,,Driven Shooter,V6,EXT,8.05,,,,57F,처리력,,MODEL DD5,9thMIX,EXT,8.90,,,,77F,"처리력
(17/16
박자)",,1716 SAHARA MOON,EXCHAIN,MAS,9.40,DX 해금곡,,,97F,체력곡,,A.DOGMA,V5,EXT,9.80,
,,,처리력,,Big Wave,XG2,EXT,6.70,,,,,처리력,,水月鏡花のコノテーション,Tri-Boost,EXT,7.65,,,,,"처리력
+
DK",,MY ENDING,FUZZ-UP,MAS,8.20,,,,,처리력,,Xenon,XG3,EXT,8.95,,,,,처리력,,Golden galaxy,Tri-Boost,MAS,9.50,,,,,처리력,,霖が哭く,EXCHAIN,MAS,9.65,
,,,처리력,,Stargazer,NEX+AGE,ADV,6.70,DX 해금곡,,,,기본기,,PLAY,FUZZ-UP,MAS,7.30,,,,,처리력,,天地動伝説,OverDrive,EXT,7.95,,,,,처리력,,ラキラキ(GITADORA Ver.),GITADORA,EXT,9.00,,,,,왼발곡,,Never Look Back in Sorrow,GITADORA,MAS,9.35,,,,,처리력,,MODEL DD3,7thMIX,MAS,9.86,
,,,기본기,,Puberty Dysthymia,Matixx,ADV,6.30,DX 해금곡,,,,처리력,,Under The Shades Of The Divine Ray,HIGH-VOLTAGE,ADV,7.60,DX 해금곡,,,,"처리력
+
오른발",,天泣,NEX+AGE,EXT,8.05,DX 해금곡,,,,왼발곡,,MONOLITH -GITADOROCK ver.-,Matixx,MAS,8.85,,,,,DK,,Duella Lyrica,Matixx,MAS,8.90,DX 해금곡,,,,체력곡,,BLACK ROSES,"Tri-Boost
Re:EVOLVE",MAS,9.86,
,,,기본기,,Our Faith (Faithful MTL Remix),"Tri-Boost
Re:EVOLVE",ADV,6.50,,,,,처리력,,Accord,HIGH-VOLTAGE,MAS,7.45,,,,,왼발곡,,夜咄ディセイブ,GITADORA,MAS,8.40,,,,,"고속
라이드",,ミックスナッツ,FUZZ-UP,MAS,8.80,,,,,DK,,Kazekiri Rumble,HIGH-VOLTAGE,MAS,9.30,DX 해금곡,,,,체력곡,,ROZA DE ANDALUCIA,Tri-Boost,MAS,9.75,
,,,체력곡,,ミッドナイト☆WAR,EXCHAIN,EXT,6.40,,,,,셔플,,LIPS NOISE HUNTER,Matixx,EXT,7.40,,,,,DK,,HYDRA,OverDrive,EXT,8.05,,,,,복합,,Covered With The Wire,Tri-Boost,MAS,9.05,,,,,복합,,葬送のエウロパ,Tri-Boost,MAS,9.30,DX 해금곡,,,,왼발곡,,LEMON & SALT,OverDrive,MAS,9.92,
,,,"처리력
+
약DK",,MEGALOVANIA,HIGH-VOLTAGE,EXT,6.70,,,,,"고BPM
+
체력곡",,テレキミ,FUZZ-UP,MAS,7.40,,,,,체력곡,,透明ジャスティス,EXCHAIN,MAS,8.20,,,,,DK,,Hyperseven type K,GITADORA,EXT,8.40,,,,,"처리력
+
DK",,DANCE of the VAMPIRE,EXCHAIN,MAS,9.20,,,,,DK,,White Forest,"Tri-Boost
Re:EVOLVE",MAS,9.92,
,,,보스곡,,最小三倍完全数 (GITADORA Style),EXCHAIN,ADV,6.55,,,,,보스곡,,三毛猫ロック,7thMIX,EXT,7.40,,,,,보스곡,,Virga Gigantum,GITADORA,EXT,7.90,,,,,보스곡,,neu,EXCHAIN,EXT,8.45,,,,,보스곡,,†闇鍋☆ROCK†,"Tri-Boost
Re:EVOLVE",MAS,9.30,,,,,보스곡,,バンブーソード・ガール,OverDrive,EXT,9.95,
,5500 ~ 5999 보그라,8F,처리력,,ビター・エスケープ ,Matixx,EXT,6.35,,,,23F,처리력,,React,HIGH-VOLTAGE,EXT,7.60,,,,38F,처리력,,キルト,GITADORA,EXT,8.15,,,,58F,기본기,,セツナトリップ,GITADORA,MAS,8.70,,,,78F,처리력,,Dynamis,V5,MAS,9.35,,,,98F,처리력,,子供の落書き帳,5thMIX,MAS,9.88,
,,,엇박,,おおきなこえで,HIGH-VOLTAGE,EXT,6.20,"DX
해금곡",,,,처리력,,ユグドラシルの欠片,Tri-Boost,MAS,7.35,,,,,처리력,,over there,V2,EXT,9.00,,,,,처리력,,The Kingsroad,Matixx,MAS,9.10,DX 해금곡,,,,체력곡,,"10,000,000,000",XG,MAS,9.35,,,,,처리력,,Mobius,HIGH-VOLTAGE,MAS,9.70,DX 해금곡
,,,엇박,,三毛猫JIVE&ジャイブ,XG,ADV,6.25,,,,,처리력,,Celestial Future,GALAXY WAVE,MAS,7.60,,,,,처리력,,葬送のエウロパ,Tri-Boost,EXT,8.15,DX 해금곡,,,,처리력,,Timepiece phase II,9thMIX,ADV,8.60,,,,,왼발곡,,グリーンリーフ症候群,EXCHAIN,MAS,9.40,DX 해금곡,,,,처리력?,,MODEL DD11,Tri-Boost,MAS,9.75,
,,,엇박,,たたえよ！絶対覇権アリーシャ帝国,EXCHAIN,EXT,6.30,,,,,"고BPM
+
체력곡",,ソリッド,NEX+AGE,EXT,7.20,,,,,"처리력
+
동시
밟기",,toy boxer (GITADORA Style),EXCHAIN,MAS,8.05, ,,,,왼발곡,,solitude,GITADORA,EXT,8.65,,,,,쌈바킥,,ひと夏の戯れYeah!!Samba,EXCHAIN,MAS,9.50,DX 해금곡,,,,왼발곡,,うさぎの国の不思議な旋律,HIGH-VOLTAGE,MAS,9.90,DX 해금곡
,,,엇박,,LEMON & SALT,OverDrive,ADV,6.20,,,,,셔플,,Shuffle cats,NEX+AGE,EXT,7.45,DX 해금곡,,,,왼발곡,,gloom,XG2,EXT,8.45,,,,,복합,,量子の海のリントヴルム（GITADOROCK Ver.）,GITADORA,EXT,8.55,,,,,DK,,悪魔のハニープリン,EXCHAIN,MAS,9.10,DX 해금곡,,,,체력곡,,鬼華-修羅の舞-,EXCHAIN,MAS,9.92,
,,,엇박,,チュッチュ♪マチュピチュ,HIGH-VOLTAGE,EXT,6.20,DX 해금곡,,,,"동시
밟기",,パレットナイトフロウ,FUZZ-UP,MAS,7.50,,,,,왼발곡,,摩天楼ノ特異点～Anti;HERO,Matixx,MAS,8.30,DX 해금곡,,,,고BPM,,Snowmelt,HIGH-VOLTAGE,MAS,9.10,DX 해금곡,,,,복합,,ジュピターガンズノベル,OverDrive,MAS,9.35,DX 해금곡,,,,"DK
+
체력곡",,悠久のPEGASUS,Tri-Boost,MAS,9.92,
,,,DK,,お米の美味しい炊き方、そしてお米を食べることによるその効果。,GITADORA,ADV,6.20,,,,,왼발,,ロマンティックのかけら,FUZZ-UP,MAS,7.30,,,,,DK,,輪廻転生,Tri-Boost,EXT,7.75,,,,,고BPM,,MANDARA,GITADORA,EXT,8.85,,,,,복합,,Secret Raid,FUZZ-UP,MAS,9.40,"해금곡
(현재
이벤트)",,,,DK,,モフモフしたいの,Tri-Boost,MAS,9.92,
,,,보스곡,,天泣,NEX+AGE,ADV,6.20,DX 해금곡,,,,보스곡,,MODEL DD5,9thMIX,ADV,7.45,DX 해금곡,,,,보스곡,,Let's Dance,EXCHAIN,EXT,8.00,DX 해금곡,,,,보스곡,,Megatonic Shaper,Matixx,EXT,8.95,,,,,보스곡,,Einherjar,XG,MAS,9.25,,,,,보스곡,,Cinnamon,Matixx,MAS,9.96,DX 해금곡
,,9F,처리력,,Adrenaline,XG2,EXT,6.65,,,,24F,처리력,,Next FUTURE,Matixx,MAS,7.40,,,,39F,처리력,,嘘 feat.ピコ,HIGH-VOLTAGE,EXT,8.50,DX 해금곡,,,59F,처리력,,passing shower,FUZZ-UP,MAS,8.90,"해금곡
(현재
이벤트)",,,79F,처리력,,MODEL DD2,6thMIX,MAS,9.45,,,,99F,처리력,,Skyscraper,Tri-Boost,MAS,9.95,
,,,처리력,,恋は臆病,V4,ADV,6.65,,,,,처리력,,箱庭のエチュード,EXCHAIN,EXT,7.30,,,,,처리력,,Behind the song of stars,FUZZ-UP,MAS,8.30,"해금곡
(현재
이벤트)",,,,처리력,,La fame di Adria,NEX+AGE,MAS,8.90,DX 해금곡,,,,처리력,,MODEL DD3,7thMIX,EXT,9.35,,,,,체력곡,,Brown blizzard,XG2,MAS,9.96,
,,,셔플,,pain,EXCHAIN,EXT,6.50,DX 해금곡,,,,처리력,,紫電一閃,Matixx,EXT,7.55,DX 해금곡,,,,처리력,,打打打打打打打打打打,GALAXY WAVE,MAS,8.40,,,,,처리력,,MODEL FT2,V3,EXT,8.50,,,,,왼발곡,,飛べないぼくと鳴かない黒猫,HIGH-VOLTAGE,MAS,9.10,"해금곡
(현재
해금이벤트)",,,,왼발곡,,overviews,XG3,MAS,9.97,
,,,처리력,,天弓ノ舞,NEX+AGE,EXT,6.30,,,,,셔플,,Hunter～どうしても欲しいもの～,XG,MAS,7.90,,,,,"처리력
+
변박",,Crystal Toybox,OverDrive,EXT,8.50,,,,,"왼발곡
+
약DK",,Genesis Creation Narrative,XG3,EXT,8.85,,,,,"왼발곡
+
DK",,MODEL DD9,XG,EXT,9.05,,,,,처리력,,FIFTH GIG,XG2,EXT,9.93,
,,,처리력,,Predator's Crypto Pt.2,XG3,ADV,6.30,,,,,체력곡,,HIGH-VOLT-AGE!!,HIGH-VOLTAGE,MAS,7.30,,,,,왼발곡,,ヒトリアソビ,V5,MAS,8.40,,,,,DK,,GIGA BREAK,GITADORA,EXT,8.85,,,,,복합,,MODEL DD10,XG3,MAS,9.50,,,,,체력곡,,Sonne,V6,MAS,9.91,
,,,처리력,,Clove,HIGH-VOLTAGE,ADV,6.00,DX 해금곡,,,,처리력,,虹の先に何があるか - Remaster -,GALAXY WAVE,MAS,8.00,,,,,복합,,MEGALOVANIA,HIGH-VOLTAGE,MAS,8.85,,,,,복합,,雷君,GITADORA,EXT,8.75,,,,,DK,,幸せの代償,EXCHAIN,MAS,9.35,DX 해금곡,,,,복합,,MODEL DD ULTIMATES,OverDrive,MAS,9.96,
,,,복합,,Clowing folly,EXCHAIN,MAS,7.30,,,,,복합,,終極,Tri-Boost,MAS,7.65,,,,,DK,,Immortal Bind,V4,EXT,8.15,,,,,"복합
+
변박",,幽明異境,OverDrive,MAS,8.65,DX 해금곡,,,,"DK
(셔터쾅
주의!)",,紅蓮,Tri-Boost,MAS,9.00,,,,,"DK
+
체력곡",,悠久のPEGASUS,Tri-Boost,MAS,9.92,
,,,보스곡,,かつて描いた夢は、今も色褪せぬまま。,EXCHAIN,ADV,6.20,DX 해금곡,,,,보스곡,,運命,NEX+AGE,EXT,7.30,,,,,보스곡,,1716 SAHARA MOON,EXCHAIN,EXT,8.15,DX 해금곡,,,,보스곡,,Obsidian,GITADORA,EXT,8.85,,,,,보스곡,,Virga Gigantum,GITADORA,MAS,9.45,,,,,보스곡,,The Least 100sec,4thMIX,MAS,9.94,
,,10F,처리력,,Spanish Snowy Dance (daybreak ver.),GITADORA,ADV,6.45,,,동칠 멸망전,25F,기본기,,Timepiece phase II,9thMIX,BSC,7.50,,,은칠 멸망전,40F,처리력,,Surge,Tri-Boost,MAS,8.20,,,금칠 멸망전,60F,처리력,,8 -eight-,GITADORA,EXT,9.00,,,명예 무지개,80F,처리력,,恐怖の右脳改革,XG,MAS,9.45,,,,100F,왼발곡,,Jungle,V6,MAS,9.95,
,,,처리력,,HYENA (Live Edit feat. 96),GITADORA,ADV,6.55,,,,,처리력,,Slip Into My Royal Blood,NEX+AGE,EXT,7.30,DX 해금곡,,,,처리력,,FOR YOUR BRAVE!!,FUZZ-UP,MAS,8.20,,,,,처리력,,Herring roe,5thMIX,EXT,9.10,,,,,처리력,,White Stream,HIGH-VOLTAGE,MAS,9.40,DX 해금곡,,,,DK?,,triangulum,Matixx,MAS,9.97,DX 해금곡
,,,처리력,,うさぎの国の不思議な旋律,HIGH-VOLTAGE,ADV,6.70,DX 해금곡,,,,처리력,,EXCELSIOR DIVE,XG2,ADV,7.05,,,,,"체력곡
+
약DK",,マネマネサイコトロピック,GITADORA,EXT,8.25,,,,,처리력,,Cleopatrysm,OverDrive,EXT,9.05,,,,,처리력,,DAY DREAM,3rdMIX,EXT,9.35,,,,,처리력,,A.DOGMA,V5,MAS,9.98,
,,,기본기,,ROOM,NEX+AGE,MAS,6.60,,,,,왼발,,Butterfly Effect,Tri-Boost,MAS,7.15,,,,,체력곡,,ネクロファンタジア 〜 Remix,HIGH-VOLTAGE,EXT,7.70,,,,,왼발곡,,Raspberry,"Tri-Boost
Re:EVOLVE",MAS,8.75,,,,,처리력,,over there,V2,MAS,9.80,,,,,처리력,,MODEL FT2 Miracle Version,V3,MAS,9.99,
,,,처리력,,White Forest,"Tri-Boost
Re:EVOLVE",ADV,6.85,,,,,오른발,,怒りと共に去りぬ！！,Tri-Boost,EXT,6.80,,,,,왼발곡,,Keiko my love,7thMIX,MAS,8.25,,,,,복합,,Knights Assault,EXCHAIN,MAS,8.75,,,,,왼발곡,,Mother Tree,GITADORA,MAS,9.40,,,,,체력곡,,月暈,FUZZ-UP,MAS,9.96,"해금곡
(현재
해금이벤트)"
,,,엇박,,ひまパンケーキメイキング,HIGH-VOLTAGE,EXT,6.60,,,,,DK,,狂鬼村正,Tri-Boost,EXT,6.85,,,,,DK,,Pursuer,HIGH-VOLTAGE,MAS,7.50,,,,,복합,,バンブーソード・ガール,OverDrive,EXT,8.90,,,,,체력곡,,ネクロファンタジア 〜 Remix,HIGH-VOLTAGE,MAS,9.10,,,,,체력곡,,Rock to Infinity,V5,MAS,9.98,
,,,고BPM,,Elemental Creation -GITADO ROCK ver.-,GITADORA,ADV,6.45,,,,,복합,,Symphonic Tear,NEX+AGE,MAS,7.30,,,,,"복합
(셔터쾅
주의!)",,Bereavement ,HIGH-VOLTAGE,EXT,8.20,,,,,복합,,黒髪乱れし修羅となりて～凛 edition～,Tri-Boost,MAS,8.95,,,,,"고속
DK",,輪廻転生,Tri-Boost,MAS,9.35,,,,,체력곡,,neu,EXCHAIN,MAS,9.96,
,,,보스곡,,The Metal Warrior,EXCHAIN,ADV,6.45,DX 해금곡,,,,보스곡,,キヤロラ衛星の軌跡,OverDrive,EXT,7.55,DX 해금곡,,,,보스곡,,かつて描いた夢は、今も色褪せぬまま。,EXCHAIN,EXT,7.85,DX 해금곡,,,,보스곡,,天弓ノ舞,NEX+AGE,MAS,8.95,,,,,보스곡,,ミカヅキ:コネクト,Matixx,MAS,9.50,,,,,보스곡,,DAY DREAM,3rdMIX,MAS,9.99,
,,11F,처리력,,グッバイ宣言,FUZZ-UP,MAS,7.00,,,,26F,처리력,,overcome,NEX+AGE,EXT,7.30,,,,41F,처리력,,九尾狐夜行,OverDrive,EXT,8.30,,,,61F,처리력,,Sonne,V6,EXT,8.95,,,,81F,처리력,,The Least 100sec,4thMIX,EXT,9.45,,,91F,,,,,,,,
,,,처리력,,夜の女王のアリア(GITADORA Edition),HIGH-VOLTAGE,EXT,6.60,DX 해금곡,,,,처리력,,Agnus Dei,9thMIX,EXT,8.15,,,,,"동시
밟기",,Arcadia,GALAXY WAVE,MAS,8.40,,,,,처리력,,Concertino in Blue,6thMIX,EXT,9.00,,,,,처리력,,HyperNebula,FUZZ-UP,MAS,9.50,"해금곡
(현재
이벤트)",,,,,,,,,,
,,,처리력,,ラジカル少女,Tri-Boost,EXT,6.60,,,,,처리력,,恋のメロディー,EXCHAIN,MAS,7.60,,,,,"DK
(셔터쾅
주의!)",,我甘党,FUZZ-UP,MAS,8.40,,,,,기본기,,SUIREN,GALAXY WAVE,MAS,9.20,"해금곡
(현재
이벤트)",,,,처리력,,Stella Sinistra,GITADORA,MAS,9.20,,,,,,,,,,,
,,,처리력,,摩天楼ノ特異点～Anti;HERO,Matixx,EXT,6.60,DX 해금곡,,,,왼발,,Take My Hand,V2,EXT,7.65,,,,,왼발곡,,Rosetta Stone,GITADORA,EXT,8.10,,,,,왼발곡,,Step forward,NEX+AGE,MAS,8.75,"DX
해금곡",,,,왼발곡,,The Splendid Expression,HIGH-VOLTAGE,MAS,9.55,"DX
해금곡",,,,,,,,,,
,,,기본기,,至上のラトゥーリア,NEX+AGE,MAS,6.45,,,,,뚜벅이,,とびっきりのふわっふわ,Tri-Boost,MAS,7.15,,,,,처리력,,Aftermath,HIGH-VOLTAGE,MAS,8.30,DX 해금곡,,,,체력곡,,Funky sonic World,9thMIX,EXT,9.15,,,,,왼발곡,,cockpit,9thMIX,MAS,9.50,,,,,,,,,,,
,,,셔플,,けもののおうじゃ★めうめう,Matixx,EXT,6.60,,,,,오른발,,幻想系世界修復少女 ,OverDrive,EXT,7.55,,,,,체력곡,,Be a Hero!,Matixx,EXT,8.25,,,,,"DK
+
체력곡",,Burning Cremation,Tri-Boost,MAS,8.65,,,,,"고속
DK",,お米の美味しい炊き方、そしてお米を食べることによるその効果。,GITADORA,EXT,9.30,,,,,,,,,,,
,,,엇박,,joker,9thMIX,ADV,6.55,,,,,복합,,Never Ever End,HIGH-VOLTAGE,MAS,7.95,,,,,"복합
(크로스
패턴)",,Devil Fish Dumpling,XG3,MAS,8.85,,,,,복합,,Dragon Blade -The Arrange-,EXCHAIN,MAS,8.65,"DX
해금곡",,,,복합,,幻想雷神記,XG2,MAS,9.30,,,,,,,,,,,
,,,보스곡,,LUCID NIGHTMARE,HIGH-VOLTAGE,ADV,6.20,"DX
해금곡",,,,보스곡,,去る金合戦,GITADORA,EXT,7.40,,,,,보스곡,,純真可憐デザイア,NEX+AGE,MAS,8.05,DX 해금곡,,,,보스곡,,SUPER SUMMER SALE,Matixx,MAS,8.60,,,,,보스곡,,Anathema,Tri-Boost,EXT,9.45,,,,,,,,,,,
,,12F,처리력,,カケラ,Tri-Boost,EXT,6.80,,,,27F,기본기,,真っ白な闇がすべてを塗り替えても,FUZZ-UP,EXT,8.00,,,,42F,처리력,,不可説不可説転,NEX+AGE,EXT,8.15,DX 해금곡,,,62F,처리력,,腐斯偽堕日本,V5,MAS,8.85,,,,82F,처리력,,Concertino in Blue,6thMIX,MAS,9.55,,,,,,,,,,,
,,,처리력,,MAD BLAST,8thMIX,ADV,6.90,,,,,처리력,,BLACK JACKAL (GITADORA STYLE),EXCHAIN,MAS,7.65,,,,,처리력,,REFLEXES MANIPULATION,"Tri-Boost
Re:EVOLVE",EXT,8.15,,,,,처리력,,スイーツはとまらない♪,FUZZ-UP,MAS,8.80,DX 해금곡,,,,처리력,,パーフェクトイーター,FUZZ-UP,MAS,9.30,DX 해금곡,,,,,,,,,,
,,,처리력,,RISE UP,HIGH-VOLTAGE,EXT,7.30,,,,,체력곡,,GLIDE,V2,EXT,7.65,,,,,"처리력
+
오른발",,万華鏡,8thMIX,EXT,8.05,,,,,DK,,モフモフしたいの,Tri-Boost,EXT,8.75,,,,,처리력,,Skyscraper,Tri-Boost,EXT,9.35,,,,,,,,,,,
,,,처리력,,ほしふり,XG3,EXT,6.80,,,,,체력곡,,Snowmelt,HIGH-VOLTAGE,EXT,7.50,DX 해금곡,,,,DK,,800nm,XG3,EXT,8.00,,,,,복합,,MODEL DD11,Tri-Boost,EXT,9.10,,,,,처리력,,Monogatary,GALAXY WAVE,MAS,9.50,"해금곡
(현재
이벤트)",,,,,,,,,,
,,,기본기,,寂寞たる世界の終末は,HIGH-VOLTAGE,EXT,6.90,,,,,오른발,,Excavation Damage,XG,MAS,7.55,,,,,왼발곡,,SCREW DRIVER,XG3,MAS,8.15,,,,,왼발곡,,One Phrase Blues,6thMIX,EXT,8.75,,,,,DK,,BLACK ROSES,"Tri-Boost
Re:EVOLVE",EXT,9.20,,,,,,,,,,,
,,,복합,,Eastern Lariat,XG3,ADV,6.50,,,,,뚜벅이,,XIII,Matixx,EXT,7.30,DX 해금곡,,,,왼발곡,,金輪際のエレジー,GITADORA,EXT,8.00,,,,,복합,,Violet Milky Way,HIGH-VOLTAGE,MAS,8.65,"DX
해금곡",,,,복합,,Invisible Farewell,NEX+AGE,MAS,9.25,"DX
해금곡",,,,,,,,,,
,,,"오른발
+
약DK",,我甘党,FUZZ-UP,EXT,7.00,,,,,DK,,DAWN,XG2,ADV,7.00,,,,,복합,,イノセントバイブル,NEX+AGE,MAS,8.30,,,,,DK,,Arena Sexarboris,GITADORA,EXT,8.65,,,,,복합,,MODEL DD13,NEX+AGE,MAS,9.40,"DX
해금곡",,,,,,,,,,
,,,보스곡,,ラビカル：トラップ,NEX+AGE,EXT,6.80,"DX
해금곡",,,,보스곡,,Fractus,EXCHAIN,MAS,7.80,DX 해금곡,,,,보스곡,,Limitless Possibility,XG,MAS,8.10,,,,,보스곡,,朧,"Tri-Boost
Re:EVOLVE",MAS,8.90,,,,,보스곡,,Conquistador,EXCHAIN,MAS,9.45,"DX
해금곡",,,,,,,,,,
,,13F,처리력,,Across the nightmare,drummania,EXT,6.50,,,,28F,처리력,,IMI,XG,EXT,8.15,,,,43F,처리력,,鬼姫,10thMIX,EXT,8.45,,,,63F,처리력,,Spanish Snowy Dance (daybreak ver.),GITADORA,EXT,9.05,,,,83F,처리력,,Serious Joke,FUZZ-UP,MAS,9.25,DX 해금곡,,,,,,,,,,
,,,처리력,,ヒトリアソビ,V5,EXT,6.80,,,,,처리력,,シンクロフィッシュ,EXCHAIN,MAS,7.75,,,,,처리력,,Awakening Wings,FUZZ-UP,MAS,7.80,,,,,처리력,,たまゆら,7thMIX,EXT,8.75,,,,,처리력,,Zero Visibility,GALAXY WAVE,MAS,9.70,"해금곡
(현재
해금이벤트)",,,,,,,,,,
,,,기본기,,空色デイズ,XG,MAS,7.20,,,,,처리력,,rage against usual,OverDrive,EXT,8.00,,,,,처리력,,風神雲龍伝,V6,EXT,8.45,,,,,뚜벅이,,双つ雲と暁の奏,XG3,EXT,8.85,,,,,왼발곡,,明鏡止水,10thMIX,MAS,9.50,,,,,,,,,,,
,,,"기본기
+
약DK",,恋のミラクルレシピ,Tri-Boost,EXT,6.90,,,,,처리력,,Nebulas,EXCHAIN,EXT,8.05,DX 해금곡,,,,체력곡,,ベビーステップ,HIGH-VOLTAGE,MAS,8.10,"해금곡
(현재
해금이벤트)",,,,왼발곡,,Escape Velocity,HIGH-VOLTAGE,MAS,9.20,"DX
해금곡",,,,왼발곡,,Durian,Tri-Boost Re:EVOLVE,MAS,9.50,"DX
해금곡",,,,,,,,,,
,,,고BPM,,U.N.オーエンは彼女なのか？,EXCHAIN,EXT,6.15,,,,,DK,,Fire in my heart,Tri-Boost,MAS,7.40,,,,,왼발곡,,ロマンスは終わらない,FUZZ-UP,MAS,8.40,"해금곡
(현재
해금이벤트)",,,,오른발,,NAKED SCREAM,OverDrive,EXT,8.75,,,,,복합,,ノクチルカ,GALAXY WAVE,MAS,9.50,,,,,,,,,,,
,,,고BPM,,ランカーキラーガール,NEX+AGE,EXT,6.85,,,,,고BPM,,voltississimo (GITADORA STYLE),EXCHAIN,EXT,7.80,,,,,왼발곡,,七福神,V3,EXT,8.25,,,,,복합,,Qwerty,GALAXY WAVE,MAS,9.15,"해금곡
(현재
이벤트)",,,,DK,,紫電一閃,Matixx,MAS,9.15,DX 해금곡,,,,,,,,,,
,,,"동시
밟기",,テレキャスタービーボーイ,FUZZ-UP,MAS,7.10,,,,,복합,,DEATH BRINGER,OverDrive,EXT,7.90,,,,,DK,,拍子迷宮2,NEX+AGE,MAS,8.00,DX 해금곡,,,,복합,,sola GITADORA ver.,GITADORA,EXT,8.90,,,,,DK,,Feed The Hunger,Tri-Boost,MAS,9.35,,,,,,,,,,,
,,,보스곡,,Knights Assault,EXCHAIN,EXT,6.55,,,,,보스곡,,Durian,Tri-Boost Re:EVOLVE,EXT,7.70,"DX
해금곡",,,,보스곡,,斑咲花,HIGH-VOLTAGE,EXT,8.10,DX 해금곡,,,,보스곡,,SEASONS,Tri-Boost,MAS,9.00,,,,,보스곡,,おおきなこえで,HIGH-VOLTAGE,MAS,9.20,"DX
해금곡",,,,,,,,,,
,,14F,처리력,,23-twenty three-,NEX+AGE,MAS,6.50,,,,29F,처리력,,clear:wings,NEX+AGE,EXT,7.60,DX 해금곡,,,44F,처리력,,Terra Car,Tri-Boost,EXT,8.10,,,,64F,처리력,,Veneficus Verticis,GITADORA,EXT,8.85,,,,84F,처리력,,Invitation from ZEN,GALAXY WAVE,MAS,9.15,"해금곡
(현재
해금이벤트)",,,,,,,,,,
,,,처리력,,Second Limit,GITADORA,EXT,6.55,,,,,처리력,,LAS-BOS,EXCHAIN,EXT,8.00,,,,,처리력,,雑踏、僕らの街,GALAXY WAVE,MAS,8.20,,,,,처리력,,Dynamis,V5,EXT,8.60,,,,,처리력,,背水之陣,Tri-Boost Re:EVOLVE,MAS,9.30,,,,,,,,,,,
,,,처리력,,ここからよろしく大作戦143,NEX+AGE,EXT,6.70,,,,,왼발곡,,Hard distance,XG3,EXT,7.90,,,,,"하이햇
+
왼발",,完全無欠の無重力ダイブ,Tri-Boost,MAS,8.40,,, ,,왼발곡,,サイレンサイン,Tri-Boost,MAS,8.90,,,,,처리력,,Idola,OverDrive,MAS,9.35,,,,,,,,,,,
,,,처리력,,逆さま♥シンデレラパレード,NEX+AGE,MAS,6.70,,,,,"뚜벅이
+
엇박",,林檎と蜂蜜,8thMIX,EXT,7.30,,,,,왼발곡,,Sweet feelin',Matixx,MAS,8.40,DX 해금곡,,,,왼발곡,,ラビカル：トラップ,NEX+AGE,MAS,9.00,"DX
해금곡",,,,복합,,ペルペトゥム・モビレ,HIGH-VOLTAGE,MAS,9.50,DX 해금곡,,,,,,,,,,
,,,"엇박
+
약간
왼발",,Mother Tree,GITADORA,ADV,6.60,,,,,"동시
밟기",,未練タラッタ,NEX+AGE,MAS,7.45,,,,,왼발곡,,前髪,XG2,EXT,8.00,,,,,처리력,,Fly with me,GITADORA,MAS,9.00,,,,,"처리력
(18/16
박자)",,1816 WIND,EXCHAIN,MAS,9.50,DX 해금곡,,,,,,,,,,
,,,처리력,,いきもの失格,GITADORA,EXT,6.60,,,,,복합,,振動デザイア,GITADORA,EXT,7.80,,,,,DK,,Unbelief,NEX+AGE,EXT,7.80,DX 해금곡,,,,"DK
(셔터쾅
주의!)",,War evasion,OverDrive,MAS,9.15,,,,,DK..?,,Nature(GITADORA ver.),OverDrive,MAS,9.50,,,,,,,,,,,
,,,복합?,,Hello,Tri-Boost Re:EVOLVE,MAS,6.30,,,,,복합,,過食性:アイドル症候群,OverDrive,MAS,7.85,,,,,셔플,,WILD RIDE,6thMIX,EXT,8.15,,,,,복합,,Astrum,GALAXY WAVE,MAS,9.30,"앙코르
해금곡",,,,DK,,ちくわパフェだよ☆ＣＫＰ (Yvya Remix),FUZZ-UP,MAS,9.55,DX 해금곡,,,,,,,,,,
,,,보스곡,,The Kingsroad,Matixx,EXT,6.85,DX 해금곡,,,,보스곡,,煉獄事変,Matixx,EXT,7.60,"DX
해금곡",,,,보스곡,,overcome,NEX+AGE,MAS,7.90,,,,,보스곡,,CALAMITY PHOENIX,XG,MAS,8.95,,,,,보스곡,,Before Daybreak,XG,MAS,9.15,"DX
해금곡",,,,,,,,,,
,,15F,처리력,,終わらぬ涙の海で,HIGH-VOLTAGE,EXT,6.70,,,,30F,처리력,,Hidden Emotions,EXCHAIN,EXT,7.20,DX 해금곡,,,45F,처리력,,チュッチュ♪マチュピチュ,HIGH-VOLTAGE,MAS,8.20,DX 해금곡,,,65F,처리력,,明鏡止水,10thMIX,EXT,9.05,,,,85F,처리력,,眠りの国のステラ,EXCHAIN,MAS,9.40,"DX
해금곡",,,,,,,,,,
,,,처리력,,Four Leaves,HIGH-VOLTAGE,EXT,7.00,DX 해금곡,,,,처리력,,Ater Regis -Alius-,Tri-Boost Re:EVOLVE,EXT,7.60,,,,,처리력,,夜の女王のアリア(GITADORA Edition),HIGH-VOLTAGE,MAS,8.45,DX 해금곡,,,,처리력,,Jungle,V6,ADV,9.05,,,,,처리력,,Elliptic Orbits,FUZZ-UP,MAS,9.60,"해금곡
(현재
해금이벤트)",,,,,,,,,,
,,,"처리력
+
DK",,Pluvia,EXCHAIN,ADV,6.85,"DX
해금곡",,,,기본기,,ビター・エスケープ,Matixx,MAS,7.90,,,,,처리력,,AXIS,V3,EXT,8.05,,,,,처리력,,O JIYA,6thMIX,EXT,9.05,,,,,"왼발
시작
DK",,Around 40,XG2,EXT,9.45,,,,,,,,,,,
,,,체력곡,,タンポポ,Tri-Boost Re:EVOLVE,EXT,6.85,,,,,왼발곡,,Lepton,XG2,EXT,7.80,,,,,기본기,,ぽかぽかレトロード,Tri-Boost,MAS,8.45,,,,,처리력,,Last Song,GITADORA,EXT,9.05,,,,,"DK
(셔터쾅
주의!)",,STULTI,GITADORA,MAS,9.25,,,,,,,,,,,
,,,왼발곡,,Summer Holiday,XG3,EXT,6.65,,,,,뚜벅이,,Run through life,HIGH-VOLTAGE,EXT,7.20,DX 해금곡,,,,DK,,黒髪乱れし修羅となりて,XG2,EXT,8.10,,,,,DK,,ホーンテッド★メイドランチ,GITADORA,EXT,8.65,,,,,"DK
+
체력곡",,Saiph,HIGH-VOLTAGE,EXT,9.10,DX 해금곡,,,,,,,,,,
,,,뚜벅이,,とびきりシュガータイム,Matixx,EXT,7.10,,,,,DK,,百鬼夜行,XG2,BSC,7.50,,,,,셔플,,Afterimage d'automne,EXCHAIN,EXT,8.45,,,,,복합,,MODEL FT4,Matixx,EXT,8.75,"DX
해금곡",,,,"복합
(셔터쾅
주의!)",,差無来!!,V3,MAS,9.25,,,,,,,,,,,
,,,"기본기
+
약DK",,X-Plan,XG2,ADV,6.60,,,,,복합,,MIND ERUPTION,Tri-Boost,EXT,7.80,,,,,왼발곡,,夜咄ディセイブ,GITADORA,EXT,8.40,,,,,복합,,恋はToxic! feat.Lilymone,FUZZ-UP,MAS,9.00,DX 해금곡,,,,"복합
(셔터쾅
주의!)",,Chinese Snowy Dance,XG2,MAS,9.45,DX 해금곡,,,,,,,,,,
,,,보스곡,,Anathema,Tri-Boost,ADV,6.95,DX 해금곡,,,,보스곡,,POLAR NIGHT,EXCHAIN,EXT,7.75,DX 해금곡,,,,보스곡,,FLOWER -TLION69 Remix-,XG3,EXT,8.25,,,,,보스곡,,空に触れる,FUZZ-UP,MAS,8.90,,,,,보스곡,,キケンな果実,GITADORA,EXT,9.25,,,,,,,,,,,
,15F,,,,,,,,,,,,,,,,,,,,,46F,처리력,,Bangin' Breaks,XG2,EXT,8.00,,,,66F,처리력,,Veneficus Verticis,GITADORA,EXT,8.85,,,,86F,처리력,,"Hard luck, Tough luck",FUZZ-UP,MAS,9.60,DX 해금곡,,,,,,,,,,
,,▼ 타워 변경내역 ▼,,,,,,,,,,,,,,,,,,,,,왼발곡,,Bloom Moment,NEX+AGE,MAS,8.25,,, ,,처리력,,GLACIER EXPRESS,FUZZ-UP,MAS,9.20, ,,,,처리력,,残像ニ繋ガレタ追憶ノHIDEAWAY,GALAXY WAVE,MAS,9.00,"해금곡
(현재
불가)",,,,,,,,,,
,,2025-04-13,,"1. DELTA 버전이 한국에 정발되지 않는다는 가정하에 새롭게 수정 및 작성
2. 동칠 이하 갤럭시웨이브 버전 해금불가 악곡은 제외
3. 되도록이면 해당 타워의 패턴이 보스곡에서도 나타나게끔 조정했고, 그럼에 있어 난이도 편차가 다소 차이가 날 수 있음
특정 층은 특화패턴 위주로만 배치함
4. 난이도 조정으로 전체적으로 클리어하기 쉽게 했음",,,,,,,,,,,,,,,,,,,왼발곡,,And The Dead Ravened For,"Tri-Boost
Re:EVOLVE",MAS,8.30,,,,,처리력,,Elysion ex machina,GALAXY WAVE,MAS,9.20,"해금곡
(현재
해금이벤트)",,,,체력곡,,Never End,EXCHAIN,MAS,9.10,DX 해금곡,,,,,,,,,,
,,,,,,,,,,,,,,,,,,,,,,,왼발곡,,FEEL THE EARTH,5thMIX,MAS,7.95,,,,,"복합
+
고BPM",,TOXIC VIBRATION,OverDrive,MAS,9.10,,,,,오른발,,主亡き機械人形のまなざし,Tri-Boost Re:EVOLVE,MAS,9.25,,,,,,,,,,,
,,,,,,,,,,,,,,,,,,,,,,,체력곡,,恋する☆宇宙戦争っ！！（GITADOROCK ver.）,Tri-Boost,MAS,8.00,,,,,왼발곡,,MU-DAI,V5,MAS,8.95,,,,,"처리력
+
DK",,WITCH HUNT,Tri-Boost,MAS,9.15,,,,,,,,,,,
,,,,,,,,,,,,,,,,,,,,,,,복합,,涙のregret,8thMIX,EXT,8.30,,,,,복합,,ゲームより愛を込めて,XG2,EXT,8.60,,,,,체력곡,,Be a Hero!,Matixx,MAS,9.15,,,,,,,,,,,
,,,,"초보자    1~2층 ▶ 1~3층
보라       3~4층 ▶ 4~7층
보그라    5~8층 ▶ 8~15층
빨강     9~12층 ▶ 16~20층
빨그라 13~20층 ▶ 21~30층
동색    21~40층 ▶ 31~50층
은색    41~60층 ▶ 61~70층
금색    61~80층 ▶ 71~90층
무지개 타워 추가 (91~100층)",,,,,,,,,,,,,,,,,,,복합,,いま 我々にできること,Tri-Boost,MAS,8.30,,,,,복합,,Riot of Color,XG3,MAS,9.15,,,,,"DK
(3/4
박자)",,XIII,Matixx,MAS,9.55,"DX
해금곡",,,,,,,,,,
,,,,,,,,,,,,,,,,,,,,,,,보스곡,,FIREBALL,5thMIX,EXT,7.90,,,,,보스곡,,Stargazer,NEX+AGE,EXT,9.05,DX 해금곡,,,,보스곡,,Slip Into My Royal Blood,NEX+AGE,MAS,9.40,"DX
해금곡",,,,,,,,,,
,,,,,,,,,,,,,,,,,,,,,,47F,처리력,,Six String Proof,EXCHAIN,MAS,8.45,,,,67F,처리력,,MODEL DD4,8thMIX,EXT,9.15,,,,87F,처리력,,童話回廊,Tri-Boost,MAS,9.55,,,,,,,,,,,
,,,,,,,,,,,,,,,,,,,,,,,처리력,,EXCELSIOR DIVE,XG2,EXT,8.55,,,,,처리력,,Rock to Infinity,V5,EXT,9.35,,,,,"처리력
+
DK",,ノルエピネフリン,Matixx,MAS,9.20,"DX
해금곡",,,,,,,,,,
,,,,,,,,,,,,,,,,,,,,,,,처리력,,うさぎの国の不思議な旋律,HIGH-VOLTAGE,EXT,8.90,DX 해금곡,,,,체력곡,,恋歌疾風！かるたクイーンいろは,GALAXY WAVE,MAS,9.10,"해금곡
(현재
해금이벤트)",,,,"처리력
+
DK",,Pluvia,EXCHAIN,MAS,9.70,"DX
해금곡",,,,,,,,,,
,,,,,,,,,,,,,,,,,,,,,,,체력곡,,chaos eater -GITADORA edition-,NEX+AGE,EXT,8.30,DX 해금곡,,,,왼발곡,,LEMON & SALT,OverDrive,EXT,8.85,,,,,왼발곡,,異常震域,Tri-Boost,MAS,9.65,,,,,,,,,,,
,,,,,,,,,,,,,,,,,,,,,,,왼발곡,,Hello summer,NEX+AGE,MAS,8.00,DX 해금곡,,,,"왼발곡
+
DK",,Summer '64,OverDrive,MAS,8.60,,,,,"고속
DK",,朧月覆う雲をも裂きぬ,FUZZ-UP,MAS,9.25,"해금곡
(현재
이벤트)",,,,,,,,,,
,,,,,,,,,,,,,,,,,,,,,,,DK,,Predator's Crypto Pt.2,XG3,EXT,8.40,,,,,"DK
+
오른발",,REBORN,Matixx,MAS,8.75,"DX
해금곡",,,,복합,,Snowy India,XG3,MAS,9.45,,,,,,,,,,,
,,,,,,,,,,,,,,,,,,,,,,,복합,,AREA 51,XG2,EXT,8.05,,,,,DK,,Predator's Crypto Pt.1,XG3,MAS,8.85,,,,,복합,,SIX DIMENSION,XG2,MAS,9.45,,,,,,,,,,,
,,,,,,,,,,,,,,,,,,,,,,,보스곡,,KHAMEN BREAK,OverDrive,EXT,8.55,,,,,보스곡,,Nebulas,EXCHAIN,MAS,9.25,"DX
해금곡",,,,보스곡,,一網打尽,V4,MAS,9.45,,,,,,,,,,,
,,,,,,,,,,,,,,,,,,,,,,48F,처리력,,Little Prayer,V,EXT,8.60,,,,68F,처리력,,Black Apple,FUZZ-UP,MAS,9.40,,,,88F,처리력,,ペルセポリス,HIGH-VOLTAGE,MAS,9.65,"DX
해금곡",,,,,,,,,,
,,,,,,,,,,,,,,,,,,,,,,,처리력,,シノビシノノメ,Matixx,MAS,8.15,,,,,처리력,,MODEL DD2,6thMIX,EXT,8.90,,,,,처리력,,Multiverse,GALAXY WAVE,MAS,9.70,"해금곡
(현재
앙코
르)",,,,,,,,,,
,,,,,,,,,,,,,,,,,,,,,,,처리력,,和風インザ洋風,HIGH-VOLTAGE,MAS,8.50,DX 해금곡,,,,처리력,,スーパーヒーローシンドローム,GALAXY WAVE,MAS,8.95,"해금곡
(현재
해금이벤트)",,,,왼발곡,,LUCID NIGHTMARE,HIGH-VOLTAGE,MAS,9.70,"DX
해금곡",,,,,,,,,,
,,,,,,,,,,,,,,,,,,,,,,,왼발곡,,in control,V5,MAS,8.15,,,,,왼발곡,,photon,XG,MAS,9.05,,,,,쌈바킥,,熱情のサパデアード,HIGH-VOLTAGE,MAS,9.10,"해금곡
(현재
해금이벤트)",,,,,,,,,,
,,,,,,,,,,,,,,,,,,,,,,,DK,,BlackCult,FUZZ-UP,MAS,8.20,,,,,DK,,PUNISHER,GITADORA,EXT,8.95,,,,,"DK
(셔터쾅
주의!)",,EMPIRE OF FLAME,NEX+AGE,MAS,9.20,DX 해금곡,,,,,,,,,,
,,,,,,,,,,,,,,,,,,,,,,,복합,,Get There,HIGH-VOLTAGE,MAS,8.55,DX 해금곡,,,,DK,,EVIL OGRE,Tri-Boost,MAS,9.05,,,,,DK,,The New Myth,Tri-Boost,MAS,9.65,,,,,,,,,,,
,,,,,,,,,,,,,,,,,,,,,,,복합,,Deep Deep Inside,GITADORA,MAS,8.50,,,,,복합,,BLUE BOOTS,GITADORA,EXT,8.90,,,,,복합,,ヘンテコ,NEX+AGE,MAS,9.40,"DX
해금곡",,,,,,,,,,
,,,,,,,,,,,,,,,,,,,,,,,보스곡,,Pluvia,EXCHAIN,EXT,8.45,DX 해금곡,,,,보스곡,,Gray clouds,EXCHAIN,MAS,9.00,"DX
해금곡",,,,보스곡,,ツミナガラ... と彼女は謂ふ -再-,EXCHAIN,MAS,8.65,,,,,,,,,,,
,,,,,,,,,,,,,,,,,,,,,,49F,처리력,,アルストロメリア (GITADORA Ver.),GITADORA,EXT,8.55,,,,69F,처리력,,子供の落書き帳,5thMIX,ADV,8.80,,,,89F,처리력,,子供の落書き帳,5thMIX,EXT,9.50,,,,,,,,,,,
,,,,,,,,,,,,,,,,,,,,,,,처리력,,Snowy India,XG3,EXT,8.85,,,,,처리력,,相反オポチュニティー,OverDrive,EXT,8.85,,,,,처리력,,Under The Shades Of The Divine Ray,HIGH-VOLTAGE,MAS,9.50,DX 해금곡,,,,,,,,,,
,,,,,,,,,,,,,,,,,,,,,,,처리력,,遊戯大熊猫,Tri-Boost,MAS,8.85,,,,,처리력,,Catapulted Arch,NEX+AGE,MAS,8.75,DX 해금곡,,,,오른발,,Killing Bites,Matixx,MAS,9.45,DX 해금곡,,,,,,,,,,
,,,,,,,,,,,,,,,,,,,,,,,왼발곡,,neko*neko,Tri-Boost,MAS,8.60,,,,,왼발곡,,九尾狐夜行,OverDrive,MAS,9.20,,,,,왼발곡,,Life is beautiful,Matixx,MAS,9.65,DX 해금곡,,,,,,,,,,
,,,,,,,,,,,,,,,,,,,,,,,왼발곡,,blue moon,XG2,EXT,8.65,,,,,체력곡,,FAIRY TALE,Tri-Boost,MAS,8.95,,,,,왼발곡,,不可説不可説転,NEX+AGE,MAS,9.50,DX 해금곡,,,,,,,,,,
,,,,,,,,,,,,,,,,,,,,,,,DK,,ほおずき程度には赤い頭髪,Tri-Boost,EXT,8.20,,,,,DK,,DESTINY,XG2,EXT,8.95,,,,,DK,,X-treme Grade,XG,MAS,9.60,,,,,,,,,,,
,,,,,,,,,,,,,,,,,,,,,,,복합,,Puberty Dysthymia,Matixx,EXT,8.40,DX 해금곡,,,,복합,,Noli Me Tangere,OverDrive,EXT,8.85,,,,,DK,,ちくわパフェだよ☆CKP (Yvya Remix),FUZZ-UP,MAS,9.55,"해금곡
(현재
해금이벤트)",,,,,,,,,,
,,,,,,,,,,,,,,,,,,,,,,,보스곡,,Fatal Attraction,"Tri-Boost
Re:EVOLVE",MAS,8.45,DX 해금곡,,,,보스곡,,Run through life,HIGH-VOLTAGE,MAS,8.90,DX 해금곡,,,,보스곡,,Xenon,XG3,MAS,9.50,,,,,,,,,,,
,,,,,,,,,,,,,,,,,,,,,,50F,처리력,,童話回廊,Tri-Boost,EXT,8.60,,,,70F,처리력,,シュボレアちゃん星の交信,FUZZ-UP,MAS,9.25,"해금곡
(현재
해금이벤트)",,,90F,처리력,,Eisenplatte,Tri-Boost,MAS,9.80,,,,,,,,,,,
,,,,,,,,,,,,,,,,,,,,,,,처리력,,FUZZ-UP,FUZZ-UP,MAS,8.40,,,,,처리력,,EXCELSIOR DIVE,XG2,MAS,9.10,,,,,처리력,,美丽的夏日风,EXCHAIN,MAS,9.70,DX 해금곡,,,,,,,,,,
,,,,,,,,,,,,,,,,,,,,,,,왼발곡,,SEA ANEMONES,3rdMIX,EXT,8.60,,,,,"왼발곡
+
처리력",,Little Prayer,V,MAS,9.40,,,,,처리력,,天地動伝説,OverDrive,MAS,9.70,DX 해금곡,,,,,,,,,,
,,,,,,,,,,,,,,,,,,,,,,,뚜벅이,,Agnus Dei,9thMIX,MAS,8.90,,,,,왼발곡,,ハラショー！おにぎりサーカス団☆,NEX+AGE,MAS,9.10,,,,,"쌈바킥
(셔터쾅
주의!)",,とびきりシュガータイム,Matixx,MAS,9.50,,,,,,,,,,,
,,,,,,,,,,,,,,,,,,,,,,,DK,,DEMON SLAYER,Tri-Boost,MAS,8.50,,,,,DK,,Russian Caravan Rhapsody,Tri-Boost,EXT,9.00,,,,,왼발곡,,COSMIC SYMPHONY,NEX+AGE,MAS,9.75,DX 해금곡,,,,,,,,,,
,,,,,,,,,,,,,,,,,,,,,,,복합,,STATE OF MIND,EXCHAIN,MAS,8.45,DX 해금곡,,,,복합,,SIX DIMENSION,XG2,EXT,9.00,,,,,복합,,Restart,XG3,EXT,9.45,,,,,,,,,,,
,,,,,,,,,,,,,,,,,,,,,,,복합,,Immersed,HIGH-VOLTAGE,MAS,8.50,DX 해금곡,,,,복합,,MODEL DD6,10thMIX,EXT,9.15,,,,,"처리력
+
DK",,Ouroboros,FUZZ-UP,MAS,9.60,"해금곡
(현재
해금이벤트)",,,,,,,,,,
,,,,,,,,,,,,,,,,,,,,,,,보스곡,,†闇鍋☆ROCK†,"Tri-Boost
Re:EVOLVE",EXT,7.95,,,,,보스곡,,エキサイティング！！も・ちゃ・ちゃ☆,EXCHAIN,MAS,9.50,,,,,보스곡,,Joyeuse,GITADORA,MAS,9.65,,,,,,,,,,,